id,name,size,price,price_text,unit_price,url
23170768,Specially Selected Autumn Crisp Grapes,2 lb,4.99,$4.99,$2.50 / lb,https://www.aldi.us/store/aldi/products/23170768-autumn-crisp-grapes-2-lb
17327278,Bartlett Pears,3 lb,2.99,$2.99,$1.00 / lb,https://www.aldi.us/store/aldi/products/17327278-bartlett-pear-3-lbs
2913993,Organic Pears,2 lb,3.49,$3.49,$1.75 / lb,https://www.aldi.us/store/aldi/products/2913993-rainier-organic-pears-2-lb
17770879,Honeycrisp Apples,2 lb,1.99,$1.99,$0.99 / lb,https://www.aldi.us/store/aldi/products/17770879-honeycrisp-apples-bag-2-lb
3253915,Gala Apples,3 lb,1.99,$1.99,$0.66 / lb,https://www.aldi.us/store/aldi/products/3253915-gala-apple-bag-3-lbs
16502094,Fuji Apples,3 lb,2.69,$2.69,$0.90 / lb,https://www.aldi.us/store/aldi/products/16502094-fuji-apple-3-lbs
16642268,Organic Gala Apples,3 lb,3.99,$3.99,$1.33 / lb,https://www.aldi.us/store/aldi/products/16642268-organic-gala-apple-3-lbs
16701868,Granny Smith Apples,3 lb,3.29,$3.29,$1.10 / lb,https://www.aldi.us/store/aldi/products/16701868-granny-smith-apple-bag-3-lbs
16553273,Red Delicious Apples,3 lb,2.69,$2.69,$0.90 / lb,https://www.aldi.us/store/aldi/products/16553273-red-delicious-apple-bag-3-lbs
17819978,Garlic,3 ct,1.49,$1.49,$0.50 / each,https://www.aldi.us/store/aldi/products/17819978-garlic-3-ct
25720157,"Bananas, per lb",per lb,0.15,$0.15 each (est.),$0.46 / lb,https://www.aldi.us/store/aldi/products/25720157-bananas-per-lb
3111634,"Large Avocados, each",1 each,0.55,$0.55,$0.55 / each,https://www.aldi.us/store/aldi/products/3111634-avocado-each
16527122,Mandarin Oranges,3 lb,4.39,$4.39,$1.46 / lb,https://www.aldi.us/store/aldi/products/16527122-mandarin-clementine-3-lbs
16767867,Kiwi,1 container,4.29,$4.29,$4.29 / each,https://www.aldi.us/store/aldi/products/16767867-green-kiwi-package-1-lb
19242784,"Green Grapes, per lb",per lb,2.9,$2.90 /pkg (est.),$1.29 / lb,https://www.aldi.us/store/aldi/products/19242784-green-grapes-per-lb
17327097,Raspberries,6 oz,2.45,$2.45,$6.53 / lb,https://www.aldi.us/store/aldi/products/17327097-raspberries-package-6-oz
17327025,Blackberries,6 oz,2.69,$2.69,$7.17 / lb,https://www.aldi.us/store/aldi/products/17327025-blackberries-6-oz
16383764,Strawberries,1 lb,2.99,$2.99,$2.99 / lb,https://www.aldi.us/store/aldi/products/16383764-whole-strawberries-1-lb
26312015,Blueberries,11 oz,4.75,$4.75,$6.91 / lb,https://www.aldi.us/store/aldi/products/26312015-always-fresh-farms-blueberries-11-oz
